[
    {
        "title": "01",
        "time": "52 календарных дня",
        "image_path": "1",
        "main_image": "main.jpg",
        "info": {
            "location": "Новорязанское ш.<br>50 км от МКАД",
            "size": "13,5м х 9,5м",
            "area": "183,5 м2"
        },
        "options": {
            "foundation": "монолитная железобетонная лента",
            "internal_furnish": "без обшивки стен<br>(пожелание заказчика)",
            "external_furnish": "ЦСП (цементно-стружечные плиты) с мраморной крошкой и цокольный сайдинг (под камень)",
            "roof": "металлочерепица",
            "walls": "каркасные,<br>утепление 150мм"
        },
        "gallery": [
            "1.jpg",
            "2.jpg",
            "3.jpg",
            "4.jpg",
            "5.jpg",
            "6.jpg",
            "7.jpg",
            "8.jpg"
        ]
    },
    {
        "title": "02",
        "time": "54 календарных<br>\nдня",
        "image_path": "2",
        "main_image": "main.jpg",
        "info": {
            "location": "Новорязанское ш.<br>\n55 км от МКАД",
            "size": "8,3м х 8,6м",
            "area": "112м2"
        },
        "options": {
            "foundation": "монолитная железобетонная лента",
            "internal_furnish": "евровагонка",
            "external_furnish": "имитация бруса, покраска Tikkurila",
            "roof": "металлочерепица",
            "walls": "каркасные,<br>утепление 150мм"
        },
        "gallery": [
            "1.jpg",
            "2.jpg",
            "3.jpg",
            "4.jpg",
            "5.jpg",
            "6.jpg",
            "7.jpg",
            "8.jpg"
        ]
    },
    {
        "title": "03",
        "time": "49 календарных<br>\nдней",
        "image_path": "3",
        "main_image": "main.jpg",
        "info": {
            "location": "Минское ш.<br>\n100 км от МКАД",
            "size": "10,3м х 8,8м",
            "area": "138,2м2"
        },
        "options": {
            "foundation": "винтовые сваи",
            "internal_furnish": "OSB листы",
            "external_furnish": "имитация бруса\nс покраской",
            "roof": "ондулин",
            "walls": "каркасные,<br>утепление 150мм"
        },
        "gallery": [
            "1.jpg",
            "2.jpg",
            "3.jpg",
            "4.jpg",
            "5.jpg",
            "6.jpg",
            "7.jpg",
            "8.jpg"

        ]
    },
    {
        "title": "04",
        "time": "30 календарных<br>\nдней",
        "image_path": "4",
        "main_image": "main.jpg",
        "info": {
            "location": "Егорьевское ш.<br>\n18 км от МКАД",
            "size": "8,8м х 11,5м",
            "area": "151м2"
        },
        "options": {
            "foundation": "винтовые сваи",
            "internal_furnish": "OSB листы (под обои)",
            "external_furnish": "цокольный сайдинг<br>\n(под камень)",
            "roof": "металлочерепица",
            "walls": "каркасные,<br>утепление 150мм"
        },
        "gallery": [
            "1.jpg",
            "2.jpg",
            "3.jpg",
            "4.jpg",
            "5.jpg",
            "6.jpg",
            "7.jpg",
            "8.jpg"
        ]
    },
    {
        "title": "05",
        "time": "12 календарных<br>\nдней",
        "image_path": "5",
        "main_image": "main.jpg",
        "info": {
            "location": "Волоколамское ш.<br>\n50 км от МКАД",
            "size": "7м х 4,5м",
            "area": "29 м2"
        },
        "options": {
            "foundation": "буронабивные сваи",
            "internal_furnish": "евровагонка",
            "external_furnish": "виниловый сайдинг",
            "roof": "металлочерепица",
            "walls": "каркасные,<br>утепление 150мм"
        },
        "gallery": [
            "1.jpg",
            "2.jpg",
            "3.jpg",
            "4.jpg",
            "5.jpg",
            "6.jpg",
            "7.jpg",
            "8.jpg"
        ]
    },
    {
        "title": "06",
        "time": "28 календарных<br>дней",
        "image_path": "6",
        "main_image": "main.jpg",
        "info": {
            "location": "Новорижское ш.<br>20 км от МКАД",
            "size": "8,2м х 8,6м",
            "area": "138 м2"
        },
        "options": {
            "foundation": "монолитная железобетонная лента",
            "internal_furnish": "без обшивки стен<br>(пожелание заказчика)",
            "external_furnish": "Цокольный сайдинг Nailite",
            "roof": "металлочерепица",
            "walls": "каркасные,<br>утепление 150мм"
        },
        "gallery": [
            "1.jpg",
            "2.jpg",
            "3.jpg",
            "4.jpg",
            "5.jpg",
            "6.jpg",
            "7.jpg",
            "8.jpg"
        ]
    },
    {
        "title": "07",
        "time": "73 календарных<br>дня",
        "image_path": "7",
        "main_image": "main.jpg",
        "info": {
            "location": "Город Кимры",
            "size": "8,5мх9,5м",
            "area": "146,1 м2"
        },
        "options": {
            "foundation": "Металлический швеллер",
            "internal_furnish": "Евровагонка класса А",
            "external_furnish": "Фиброцементный сайдинг Eternit Кедрал",
            "roof": "Гибкая черепица Shinglas",
            "walls": "Каркасные. Утепление 200 мм."
        },
        "gallery": [
            "1.jpg",
            "2.jpg",
            "3.jpg",
            "4.jpg",
            "5.jpg",
            "6.jpg",
            "7.jpg",
            "8.jpg"
        ]
    }
]