{
    "furnish" : {
        "title": "Комплектация \"С ОТДЕЛКОЙ\" от 17 000 руб/м2",
        "view": "<img src='/images/options/furnish.png'/>",
        "foundation": " - Монтаж винтовых свай D108/D300/H2500мм, толщина стенки сваи 4мм, толщина лопасти 5мм. Свая покрыта 2-х компонентным защитным составом<br>- Шаг установки свай не более 2,0м (по проекту) с навариванием металлических оголовков квадратной формы <br>- Внутри сваи бетонируются пескоцементной смесью М150<br>- Двойная армированная гидроизоляция фундамента<br>- Закладные гильзы под фундаментом для ввода воды (скважина, колодец) и оттока канализационных вод (септик, центральная канализация)<br>- Система водоотлива по периметру фундамента",
        "walls": " - Высота 1-го этажа 2.7 м.; 2-го этажа: 2.5 м. (мансарда). Подъем стропил от 1,0м (по проекту) <br>Несущие стены: <br>- Каркас из доски 50х150мм. Шаг стоек: 590мм.<br>- Гидро-ветрозащитная мембрана снаружи и пароизоляционная мембрана внутри<br>- Строганный брус 50х50, обеспечивающий вентзазор снаружи и внутри.<br>- Утепление внешнего контура базальтовым плитным утеплителем ROCKWOOL плотностью 37 кг./куб.м. в 3 слоя (150мм)<br>- Шумоизоляция перегородок базальтовым плитным утеплителем ROCKWOOL плотностью 37 кг./куб.м. в 2 слоя (100мм)",
        "roof": " - Кровельное покрытие: металлочерепица полиэстер, толщина 0.45мкм ( цвет на выбор)<br>- Усиленная стропильная система из доски 150x50мм. (200х50 мм по проекту)<br>- Утепление кровли базальтовым плитным утеплителем ROCKWOOL плотностью 37 кг./куб.м. в 3 слоя (150мм)<br>- Обрешетка: доска 100х25 мм.<br>- Контробрешетка: брус 50х50<br>- Антисептирование всех деревянных конструкций огнебиозащитой<br>- Гидро-ветрозащитные и пароизоляционные сертифицированные мембраны<br>",
        "furnish": " - Внешняя обшивка имитацией бруса камерной сушки 140 х 21мм<br>- Отделка оконных и дверных проемов, углов дома имитацией бруса<br>- Внутренняя обшивка стен и перегородок евровагонкой камерной сушки сорт А с отделкой оконных и дверных проемов<br>- Плинтусение потолков, полов и углов комнат<br>Полы: шпунтованная доска пола, толщиной 36мм.<br>Потолки: Обшивочная доска «евровагонка» камерной сушки, сорт А <br>Окна:  ПВХ окна REHAU (трехкамерный стеклопакет, включены откосы, оцинкованные отливы, подоконники, заглушки, москитные сетки)<br>Лестницы межэтажная и входная: строганная деревянная с декором<br>Утепленная входная и филенчатые межкомнатные двери"
    },
    "furnishless" : {
        "view": "<img src='/images/options/furnishless.png'/>",
        "title": "Комплектация \"ПОД ОТДЕЛКУ\" от 14 000 руб/м2",
        "foundation": "- Монтаж винтовых свай D108/D300/H2500мм, толщина стенки сваи 4мм, толщина лопасти 5мм. Свая покрыта 2-х компонентным защитным составом<br>- Шаг установки свай не более 2,0м (по проекту) с навариванием металлических оголовков квадратной формы <br>- Внутри сваи бетонируются пескоцементной смесью М150<br>- Двойная армированная гидроизоляция фундамента<br>- Закладные гильзы под фундаментом для ввода воды (скважина, колодец) и оттока канализационных вод (септик, центральная канализация)<br>- Система водоотлива по периметру фундамента",
        "walls": "- Высота 1-го этажа 2.7 м.; 2-го этажа: 2.5 м. (мансарда). Подъем стропил от 1,0м (по проекту) <br>Несущие стены: <br>- Каркас из доски 50х150мм. Шаг стоек: 590мм.<br>- Гидро-ветрозащитная мембрана снаружи и пароизоляционная мембрана внутри<br>- Строганный брус 50х50, обеспечивающий вентзазор снаружи и внутри.<br>- Утепление внешнего контура базальтовым плитным утеплителем ROCKWOOL плотностью 37 кг./куб.м. в 3 слоя (150мм)<br>- Шумоизоляция перегородок базальтовым плитным утеплителем ROCKWOOL плотностью 37 кг./куб.м. в 2 слоя (100мм)",
        "roof": "- Кровельное покрытие: металлочерепица полиэстер, толщина 0.45мкм ( цвет на выбор)<br>- Усиленная стропильная система из доски 150x50мм. (200х50 мм по проекту)<br>- Утепление кровли базальтовым плитным утеплителем ROCKWOOL плотностью 37 кг./куб.м. в 3 слоя (150мм)<br>- Обрешетка: доска 100х25 мм.<br>- Контробрешетка: брус 50х50<br>- Антисептирование всех деревянных конструкций огнебиозащитой<br>- Гидро-ветрозащитные и пароизоляционные сертифицированные мембраны<br>",
        "furnish": "Внешняя обшивка: влагостойкий OSB-3 9мм<br>Полы: влагостойкий OSB-3 22мм<br>Потолки: влагостойкий OSB-3 9мм<br>Окна: ПВХ окна REHAU (трехкамерный стеклопакет, включены откосы, оцинкованные отливы, подоконники, заглушки, москитные сетки)<br>Лестницы межэтажная и входная: нестроганная деревянная<br>Утепленная входная металлическая дверь отечественного производства"
    }
}

